{
	"data": [
		{
			"label": "Retirement Investment",
			"graphLabels": [
				"2025",
				"2026",
				"2027",
				"2028",
				"2029",
				"2030",
				"2031",
				"2032",
				"2033",
				"2034",
				"2035",
				"2036",
				"2037",
				"2038",
				"2039",
				"2040",
				"2041",
				"2042",
				"2043",
				"2044",
				"2045",
				"2046",
				"2047",
				"2048",
				"2049",
				"2050",
				"2051",
				"2052",
				"2053",
				"2054",
				"2055",
				"2056",
				"2057",
				"2058",
				"2059",
				"2060",
				"2061",
				"2062",
				"2063",
				"2064",
				"2065"
			],
			"graphDeposits": [
				13264.844343384755, 2241.692814412917, 2297.696300684219, 2355.2318583574684,
				2414.098776725487, 2474.4094253704134, 2536.2267954366166, 2599.7352856656476,
				2664.7133489916364, 2731.285020407861, 2799.5198303514726, 2869.621320530409,
				2941.3449444374824, 3014.8276134971634, 3090.1460763022687, 3167.5250048138,
				3246.6944654447675, 3327.805582790374, 3410.943072936709, 3496.354931690488,
				591.2096496207322, 0, 0, 0, 0, 0, 0, 0, 0, 0, 0, 0, 0, 0, 0, 0, 0, 0, 0, 0, 0
			],
			"graphWithdrawals": [
				0, 0, 0, 0, 0, 0, 0, 0, 0, 0, 0, 0, 0, 0, 0, 0, 0, 0, 0, 0, -5812.034535488131,
				-7134.15540159952, -7312.385697705211, -7495.491789190877, -7682.83491709429,
				-7874.772696007523, -8071.505594348896, -8273.620458482736, -8480.41221803253,
				-8692.275612594889, -8909.431921794114, -9132.528914211967, -9360.788324078056,
				-9594.645870047558, -9834.34580342221, -10080.603139512703, -10332.558818529347,
				-10590.693792340413, -10855.277668681309, -11127.099690668967, -1881.5162756473007
			],
			"graphInvestmentValues": [
				13814.257915778038, 16731.129664251857, 19836.5206663579, 23143.0238312839,
				26655.95325086542, 30388.616617491407, 34352.438038936976, 38563.92383689724,
				43026.95676578778, 47758.860153987785, 52773.42788844125, 58091.98768993457,
				63716.46061813713, 69669.10963044496, 75966.57231194837, 82636.09662100775,
				89676.98301022702, 97117.55161112787, 104977.85070084273, 113292.37657417488,
				113073.17162500705, 110851.98314215531, 108348.3896396995, 105558.18999120193,
				102437.17410134852, 98979.25177622146, 95164.36226373099, 90982.75678354761,
				86389.52506429759, 81372.77819164313, 75908.05096749458, 69978.48697642495,
				63539.151865878484, 56570.76137571033, 49043.54161821418, 40931.61716502784,
				32190.92001915183, 22792.816711583757, 12701.140492396567, 1878.6611935828103,
				0.889186989241351
			],
			"graphFeeValues": [
				0, 0, 0, 0, 0, 0, 0, 0, 0, 0, 0, 0, 0, 0, 0, 0, 0, 0, 0, 0, 0, 0, 0, 0, 0, 0, 0, 0, 0, 0, 0,
				0, 0, 0, 0, 0, 0, 0, 0, 0, 0
			],
			"graphInflationDeposits": [
				13240.30999999999, 2162.52, 2162.52, 2162.52, 2162.52, 2162.5200000000004, 2162.52, 2162.52,
				2162.52, 2162.52, 2162.52, 2162.52, 2162.52, 2162.52, 2162.52, 2162.52, 2162.52, 2162.52,
				2162.5200000000004, 2162.52, 360.41999999999996, 0, 0, 0, 0, 0, 0, 0, 0, 0, 0, 0, 0, 0, 0,
				0, 0, 0, 0, 0, 0
			],
			"graphInflationWithdrawals": [
				0, 0, 0, 0, 0, 0, 0, 0, 0, 0, 0, 0, 0, 0, 0, 0, 0, 0, 0, 0, -3500, -4200, -4200, -4200,
				-4200, -4200, -4200, -4200, -4200, -4200, -4200, -4200, -4200, -4200, -4200, -4200, -4200,
				-4200, -4200, -4200, -700
			],
			"graphInflationInvestmentValues": [
				13479.374995090571, 15927.621806318744, 18423.606273068664, 20969.272413173127,
				23563.562564965592, 26208.43802908104, 28904.885153874162, 31655.488075729,
				34458.14565183122, 37315.45143631658, 40228.47099877338, 43200.48003598095,
				46228.2500667067, 49315.05770837223, 52462.05411825506, 55673.262129394476,
				58944.23532584782, 62278.98828133405, 65678.76461890292, 69148.39434996143,
				67332.45686605196, 64400.8840794476, 61412.149404106356, 58368.41310186699,
				55262.05302203141, 52095.12292664937, 48866.44177852973, 45577.403641008095,
				42221.63537217072, 38800.433949742015, 35312.52351161057, 31758.470348602223,
				28133.250701674442, 24437.343946771274, 20669.371776446387, 16829.006186737646,
				12912.681241922928, 8919.993011237944, 4849.452509087508, 699.7655685137968,
				0.32986450341617507
			],
			"graphInflationFeeValues": [
				0, 0, 0, 0, 0, 0, 0, 0, 0, 0, 0, 0, 0, 0, 0, 0, 0, 0, 0, 0, 0, 0, 0, 0, 0, 0, 0, 0, 0, 0, 0,
				0, 0, 0, 0, 0, 0, 0, 0, 0, 0
			]
		}
	],
	"total": {
		"label": "Total",
		"graphLabels": [
			"2025",
			"2026",
			"2027",
			"2028",
			"2029",
			"2030",
			"2031",
			"2032",
			"2033",
			"2034",
			"2035",
			"2036",
			"2037",
			"2038",
			"2039",
			"2040",
			"2041",
			"2042",
			"2043",
			"2044",
			"2045",
			"2046",
			"2047",
			"2048",
			"2049",
			"2050",
			"2051",
			"2052",
			"2053",
			"2054",
			"2055",
			"2056",
			"2057",
			"2058",
			"2059",
			"2060",
			"2061",
			"2062",
			"2063",
			"2064",
			"2065"
		],
		"graphDeposits": [
			13264.844343384755, 2241.692814412917, 2297.696300684219, 2355.2318583574684,
			2414.098776725487, 2474.4094253704134, 2536.2267954366166, 2599.7352856656476,
			2664.7133489916364, 2731.285020407861, 2799.5198303514726, 2869.621320530409,
			2941.3449444374824, 3014.8276134971634, 3090.1460763022687, 3167.5250048138,
			3246.6944654447675, 3327.805582790374, 3410.943072936709, 3496.354931690488,
			591.2096496207322, 0, 0, 0, 0, 0, 0, 0, 0, 0, 0, 0, 0, 0, 0, 0, 0, 0, 0, 0, 0
		],
		"graphWithdrawals": [
			0, 0, 0, 0, 0, 0, 0, 0, 0, 0, 0, 0, 0, 0, 0, 0, 0, 0, 0, 0, -5812.034535488131,
			-7134.15540159952, -7312.385697705211, -7495.491789190877, -7682.83491709429,
			-7874.772696007523, -8071.505594348896, -8273.620458482736, -8480.41221803253,
			-8692.275612594889, -8909.431921794114, -9132.528914211967, -9360.788324078056,
			-9594.645870047558, -9834.34580342221, -10080.603139512703, -10332.558818529347,
			-10590.693792340413, -10855.277668681309, -11127.099690668967, -1881.5162756473007
		],
		"graphInvestmentValues": [
			13814.257915778038, 16731.129664251857, 19836.5206663579, 23143.0238312839, 26655.95325086542,
			30388.616617491407, 34352.438038936976, 38563.92383689724, 43026.95676578778,
			47758.860153987785, 52773.42788844125, 58091.98768993457, 63716.46061813713,
			69669.10963044496, 75966.57231194837, 82636.09662100775, 89676.98301022702, 97117.55161112787,
			104977.85070084273, 113292.37657417488, 113073.17162500705, 110851.98314215531,
			108348.3896396995, 105558.18999120193, 102437.17410134852, 98979.25177622146,
			95164.36226373099, 90982.75678354761, 86389.52506429759, 81372.77819164313, 75908.05096749458,
			69978.48697642495, 63539.151865878484, 56570.76137571033, 49043.54161821418,
			40931.61716502784, 32190.92001915183, 22792.816711583757, 12701.140492396567,
			1878.6611935828103, 0.889186989241351
		],
		"graphFeeValues": [
			0, 0, 0, 0, 0, 0, 0, 0, 0, 0, 0, 0, 0, 0, 0, 0, 0, 0, 0, 0, 0, 0, 0, 0, 0, 0, 0, 0, 0, 0, 0,
			0, 0, 0, 0, 0, 0, 0, 0, 0, 0
		],
		"graphInflationDeposits": [
			13240.30999999999, 2162.52, 2162.52, 2162.52, 2162.52, 2162.5200000000004, 2162.52, 2162.52,
			2162.52, 2162.52, 2162.52, 2162.52, 2162.52, 2162.52, 2162.52, 2162.52, 2162.52, 2162.52,
			2162.5200000000004, 2162.52, 360.41999999999996, 0, 0, 0, 0, 0, 0, 0, 0, 0, 0, 0, 0, 0, 0, 0,
			0, 0, 0, 0, 0
		],
		"graphInflationWithdrawals": [
			0, 0, 0, 0, 0, 0, 0, 0, 0, 0, 0, 0, 0, 0, 0, 0, 0, 0, 0, 0, -3500, -4200, -4200, -4200, -4200,
			-4200, -4200, -4200, -4200, -4200, -4200, -4200, -4200, -4200, -4200, -4200, -4200, -4200,
			-4200, -4200, -700
		],