{
	"data": [
		{
			"label": "Eurizon AM Slovakia – Akciové Portfólio",
			"graphLabels": [
				"2025",
				"2026",
				"2027",
				"2028",
				"2029",
				"2030",
				"2031",
				"2032",
				"2033",
				"2034",
				"2035",
				"2036",
				"2037",
				"2038",
				"2039",
				"2040",
				"2041",
				"2042",
				"2043",
				"2044",
				"2045",
				"2046",
				"2047",
				"2048",
				"2049",
				"2050",
				"2051",
				"2052",
				"2053",
				"2054",
				"2055",
				"2056",
				"2057",
				"2058",
				"2059",
				"2060",
				"2061",
				"2062",
				"2063",
				"2064",
				"2065"
			],
			"graphDeposits": [
				13264.844343384755, 2241.692814412917, 2297.696300684219, 2355.2318583574684,
				2414.098776725487, 2474.4094253704134, 2536.2267954366166, 2599.7352856656476,
				2664.7133489916364, 2731.285020407861, 2799.5198303514726, 2869.621320530409,
				2941.3449444374824, 3014.8276134971634, 3090.1460763022687, 3167.5250048138,
				3246.6944654447675, 3327.805582790374, 3410.943072936709, 3496.354931690488,
				591.2096496207322, 0, 0, 0, 0, 0, 0, 0, 0, 0, 0, 0, 0, 0, 0, 0, 0, 0, 0, 0, 0
			],
			"graphWithdrawals": [
				0, 0, 0, 0, 0, 0, 0, 0, 0, 0, 0, 0, 0, 0, 0, 0, 0, 0, 0, 0, -5812.034535488131,
				-7134.15540159952, -7312.385697705211, -7495.491789190877, -7682.83491709429,
				-7874.772696007523, -8071.505594348896, -8273.620458482736, -8480.41221803253,
				-8692.275612594889, -8909.431921794114, -9132.528914211967, -9360.788324078056,
				-9594.645870047558, -9834.34580342221, -10080.603139512703, -10332.558818529347,
				-10590.693792340413, -10855.277668681309, -11127.099690668967, -1881.5162756473007
			],
			"graphInvestmentValues": [
				13605.15289357325, 16624.26363559393, 19869.951356426445, 23359.75341188053,
				27102.347227194434, 31116.66036889779, 35419.53558524847, 40034.64328440521,
				44969.690016138724, 50250.01841887584, 55896.77846078561, 61941.469764338646,
				68390.26737868188, 75276.688282621, 82627.26543073954, 90483.46019381749, 98849.18432375476,
				107768.33964261241, 117274.18397455834, 127420.81859282545, 129256.72196780294,
				129199.6214153914, 128955.69465272072, 128529.67041730936, 127866.32743560927,
				126967.83546593405, 125815.98855960615, 124410.72181571866, 122693.37489621068,
				120660.88952895364, 118290.0342507156, 115574.15458701039, 112451.35760599801,
				108911.47451956413, 104924.9563140179, 100476.2576032383, 95500.6192035268,
				89978.35475275171, 83871.98226983962, 77154.12788700004, 75948.05826500562
			],
			"graphFeeValues": [
				-510.3402846886998, -277.7252404212395, -324.8666876651689, -376.31369364388854,
				-429.75673536221495, -487.89580360054504, -550.1616198031585, -618.3269880275172,
				-688.1977722632396, -764.4357366059814, -845.9094257954686, -935.3239346620558,
				-1026.0007630818736, -1125.180207669012, -1230.9866802109636, -1347.3381785882939,
				-1464.3105462747558, -1592.5048890325793, -1729.0702755075265, -1879.4925126189462,
				-1895.652973682966, -1882.34794427693, -1880.0616116596514, -1880.3298830609115,
				-1867.0374182522883, -1855.5441442448468, -1840.4838713365034, -1826.8378260087354,
				-1798.833318799133, -1771.3643238282407, -1739.1240517101694, -1706.6939261073155,
				-1659.174675237149, -1610.4397269334934, -1555.3993139689635, -1497.968286201178,
				-1424.8283152947272, -1348.0957481773676, -1263.1090339824618, -1172.7666406256026,
				-179.654622871564
			],
			"graphInflationDeposits": [
				13240.30999999999, 2162.52, 2162.52, 2162.52, 2162.52, 2162.5200000000004, 2162.52, 2162.52,
				2162.52, 2162.52, 2162.52, 2162.52, 2162.52, 2162.52, 2162.52, 2162.52, 2162.52, 2162.52,
				2162.5200000000004, 2162.52, 360.41999999999996, 0, 0, 0, 0, 0, 0, 0, 0, 0, 0, 0, 0, 0, 0,
				0, 0, 0, 0, 0, 0
			],
			"graphInflationWithdrawals": [
				0, 0, 0, 0, 0, 0, 0, 0, 0, 0, 0, 0, 0, 0, 0, 0, 0, 0, 0, 0, -3500, -4200, -4200, -4200,
				-4200, -4200, -4200, -4200, -4200, -4200, -4200, -4200, -4200, -4200, -4200, -4200, -4200,
				-4200, -4200, -4200, -700
			],
			"graphInflationInvestmentValues": [
				13275.339061720904, 15825.887989023462, 18454.655764137147, 21165.645266118132,
				23958.16981426781, 26836.3339870106, 29802.764133792676, 32862.73923954307,
				36013.98390615268, 39261.86923091813, 42609.35893700181, 46063.17212342994,
				49619.24048886496, 53284.36442555543, 57061.88839046891, 60960.156683688234,
				64973.077672372485, 69109.06474017874, 73371.89201071252, 77771.73785989812,
				76969.38656153857, 75060.1803055786, 73092.4235501648, 71070.49580321155, 68980.38557260482,
				66826.1769778043, 64605.90428502612, 62322.99268480226, 59964.61878443331,
				57533.91955549684, 55028.676964138416, 52451.239232321204, 49790.12376418109,
				47047.39865366864, 44220.56114064141, 41310.74406387903, 38307.977946816594,
				35213.12463103051, 32023.36003637659, 28738.445414454094, 28174.69084470468
			],
			"graphInflationFeeValues": [
				-497.9687012042315, -264.38756284041085, -301.7271045385382, -340.9677323219654,
				-379.90011559966024, -420.7821334635387, -462.9178988243878, -507.5583770777754,
				-551.1433030924538, -597.2769139282647, -644.825325259105, -695.5596558722056,
				-744.3950807097964, -796.4552319937721, -850.1119356930792, -907.7233153631046,
				-962.4840458771527, -1021.2324309735075, -1081.7824796034695, -1147.1547633682542,
				-1128.8174749958375, -1093.5742268237789, -1065.6238174661598, -1039.7286216392317,
				-1007.2156100235134, -976.6168015576192, -945.0796054697604, -915.1462093058736,
				-879.1538606691175, -844.6277240990835, -809.0427587440107, -774.5521629337142,
				-734.633304436391, -695.6750900212544, -655.5221262673732, -615.8886284501696,
				-571.5386155139668, -527.5787018508495, -482.27064945579184, -436.83327138210575,
				-66.64704238476362
			]
		}
	],
	"total": {
		"label": "Total",
		"graphLabels": [
			"2025",
			"2026",
			"2027",
			"2028",
			"2029",
			"2030",
			"2031",
			"2032",
			"2033",
			"2034",
			"2035",
			"2036",
			"2037",
			"2038",
			"2039",
			"2040",
			"2041",
			"2042",
			"2043",
			"2044",
			"2045",
			"2046",
			"2047",
			"2048",
			"2049",
			"2050",
			"2051",
			"2052",
			"2053",
			"2054",
			"2055",
			"2056",
			"2057",
			"2058",
			"2059",
			"2060",
			"2061",
			"2062",
			"2063",
			"2064",
			"2065"
		],
		"graphDeposits": [
			13264.844343384755, 2241.692814412917, 2297.696300684219, 2355.2318583574684,
			2414.098776725487, 2474.4094253704134, 2536.2267954366166, 2599.7352856656476,
			2664.7133489916364, 2731.285020407861, 2799.5198303514726, 2869.621320530409,
			2941.3449444374824, 3014.8276134971634, 3090.1460763022687, 3167.5250048138,
			3246.6944654447675, 3327.805582790374, 3410.943072936709, 3496.354931690488,
			591.2096496207322, 0, 0, 0, 0, 0, 0, 0, 0, 0, 0, 0, 0, 0, 0, 0, 0, 0, 0, 0, 0
		],
		"graphWithdrawals": [
			0, 0, 0, 0, 0, 0, 0, 0, 0, 0, 0, 0, 0, 0, 0, 0, 0, 0, 0, 0, -5812.034535488131,
			-7134.15540159952, -7312.385697705211, -7495.491789190877, -7682.83491709429,
			-7874.772696007523, -8071.505594348896, -8273.620458482736, -8480.41221803253,
			-8692.275612594889, -8909.431921794114, -9132.528914211967, -9360.788324078056,
			-9594.645870047558, -9834.34580342221, -10080.603139512703, -10332.558818529347,
			-10590.693792340413, -10855.277668681309, -11127.099690668967, -1881.5162756473007
		],